,DL,HP_names,HP_vars,KG,OC,X_r,file_number
0,"[nan, nan]","['rbf.variance', 'rbf.lengthscale', 'Gaussian_noise.variance']",[1.26779062e+06 1.05515108e+00 1.37795009e+00 1.08269490e+06],"[array([[ 2.99999992, -1.04964875]]), 5.453844615903108]",[[2095.40164801]],[2.76404347],0
1,"[nan, nan]","['rbf.variance', 'rbf.lengthscale', 'Gaussian_noise.variance']",[6.45157059e+06 7.16654479e-01 4.91554755e+02 3.68306547e+06],"[array([[ 1.04527185, -1.19216963]]), 0.0]",[[0.]],[2.99993953],0
2,"[nan, nan]","['rbf.variance', 'rbf.lengthscale', 'Gaussian_noise.variance']",[6.45157059e+06 2.63106939e-01 4.91554189e+02 1.00008376e-02],"[array([[ 2.97920159, -1.05372429]]), 3.341232438910083]",[[0.]],[2.99993953],0
3,"[nan, nan]","['rbf.variance', 'rbf.lengthscale', 'Gaussian_noise.variance']",[7.88790201e+07 1.11867602e+00 8.42377334e+07 2.48016840e+05],"[array([[ 2.48095119, -0.09857644]]), 0.0]",[[0.]],[2.99993953],0
4,"[nan, nan]","['rbf.variance', 'rbf.lengthscale', 'Gaussian_noise.variance']",[7.54560600e+06 9.62594329e-01 2.43042668e+00 2.05665642e+06],"[array([[ 2.75579484, -1.23746524]]), 0.0]",[[0.]],[2.99993953],0
5,"[nan, nan]","['rbf.variance', 'rbf.lengthscale', 'Gaussian_noise.variance']",[7.54560724e+06 7.50148698e-01 3.43327254e+00 7.33342527e+02],"[array([[0.86184462, 0.03274661]]), 0.0]",[[0.]],[2.99993953],0
6,"[nan, nan]","['rbf.variance', 'rbf.lengthscale', 'Gaussian_noise.variance']",[7.54560724e+06 6.80536550e-01 3.80486039e+00 1.00101648e-02],"[array([[ 2.32246295, -1.30552457]]), 0.0]",[[0.]],[2.99993953],0
7,"[nan, nan]","['rbf.variance', 'rbf.lengthscale', 'Gaussian_noise.variance']",[7.54560724e+06 5.98313596e-01 3.86423927e+00 1.00181071e-02],"[array([[-0.02825332,  0.14264433]]), 0.0]",[[0.]],[2.99993953],0
8,"[nan, nan]","['rbf.variance', 'rbf.lengthscale', 'Gaussian_noise.variance']",[7.54560724e+06 6.20662483e-01 4.00636775e+00 1.00241486e-02],"[array([[ 0.27289308, -1.16725305]]), 0.0]",[[0.]],[2.99993953],0
9,"[nan, nan]","['rbf.variance', 'rbf.lengthscale', 'Gaussian_noise.variance']",[7.54560724e+06 6.39705484e-01 4.19099027e+00 1.00254488e-02],"[array([[ 0.71144144, -0.24795076]]), 0.0]",[[0.]],[2.99993953],0
10,"[nan, nan]","['rbf.variance', 'rbf.lengthscale', 'Gaussian_noise.variance']",[7.54560724e+06 6.44771147e-01 4.27298988e+00 1.00214517e-02],"[array([[2.00018103, 0.7390959 ]]), 0.0]",[[0.]],[2.99993953],0
11,"[nan, nan]","['rbf.variance', 'rbf.lengthscale', 'Gaussian_noise.variance']",[7.54560724e+06 6.59437674e-01 4.48827869e+00 1.00215253e-02],"[array([[2.91346647, 0.77974669]]), 0.0]",[[0.]],[2.99993953],0
12,"[nan, nan]","['rbf.variance', 'rbf.lengthscale', 'Gaussian_noise.variance']",[7.54560729e+06 8.46685402e-01 4.55928925e+00 9.94238221e+01],"[array([[ 1.25470706, -0.55440925]]), 0.0]",[[0.]],[2.99993953],0
13,"[nan, nan]","['rbf.variance', 'rbf.lengthscale', 'Gaussian_noise.variance']",[7.54560733e+06 8.40929386e-01 4.61491693e+00 9.02537018e+01],"[array([[0.21357153, 1.49864123]]), 0.0]",[[0.]],[2.99993953],0
14,"[nan, nan]","['rbf.variance', 'rbf.lengthscale', 'Gaussian_noise.variance']",[7.54560735e+06 8.48375839e-01 4.75556306e+00 7.14611293e+01],"[array([[-0.38852203,  0.36163687]]), 0.0]",[[0.]],[2.99993953],0
15,"[nan, nan]","['rbf.variance', 'rbf.lengthscale', 'Gaussian_noise.variance']",[7.54560737e+06 8.61645704e-01 4.84746571e+00 6.38607877e+01],"[array([[2.55359645, 1.94724772]]), 0.0]",[[0.]],[2.99993953],0
16,"[nan, nan]","['rbf.variance', 'rbf.lengthscale', 'Gaussian_noise.variance']",[7.54560738e+06 8.82687877e-01 4.54807978e+00 4.95457255e+01],"[array([[ 1.76344916, -0.66740212]]), 0.0]",[[0.]],[2.99993953],0
